{
  "label": "taylor_green",
  "n_points": 7,
  "r_mean": 0.6626854453768048,
  "r_min": 0.5088819861412048,
  "r_max": 0.9872814416885376,
  "gamma_mean": 0.16839791727917536,
  "gamma_min": 0.12200269848108292,
  "gamma_max": 0.19495166838169098
}