{
  "label": "random_iso",
  "n_points": 7,
  "r_mean": 0.6742346201624189,
  "r_min": 0.6737432479858398,
  "r_max": 0.6748381853103638,
  "gamma_mean": 0.1622586441891534,
  "gamma_min": 0.1615183800458908,
  "gamma_max": 0.16351279616355896
}