{
  "label": "highRe",
  "n_points": 7,
  "r_mean": 0.6606178368840899,
  "r_min": 0.6606029868125916,
  "r_max": 0.6606250405311584,
  "gamma_mean": 0.1604936420917511,
  "gamma_min": 0.16023975610733032,
  "gamma_max": 0.16082268953323364
}